{
  "hash": "ab7f205a",
  "configHash": "e4a453d3",
  "lockfileHash": "1917034a",
  "browserHash": "8227da70",
  "optimized": {
    "@angular/core": {
      "src": "../../../../../../node_modules/@angular/core/fesm2022/core.mjs",
      "file": "@angular_core.js",
      "fileHash": "e379f722",
      "needsInterop": false
    },
    "@angular/platform-browser": {
      "src": "../../../../../../node_modules/@angular/platform-browser/fesm2022/platform-browser.mjs",
      "file": "@angular_platform-browser.js",
      "fileHash": "603d968e",
      "needsInterop": false
    },
    "@angular/router": {
      "src": "../../../../../../node_modules/@angular/router/fesm2022/router.mjs",
      "file": "@angular_router.js",
      "fileHash": "bda529e2",
      "needsInterop": false
    },
    "@angular/common/http": {
      "src": "../../../../../../node_modules/@angular/common/fesm2022/http.mjs",
      "file": "@angular_common_http.js",
      "fileHash": "f53d48b6",
      "needsInterop": false
    }
  },
  "chunks": {
    "chunk-5WL2ZNOW": {
      "file": "chunk-5WL2ZNOW.js"
    },
    "chunk-JZH5J7EF": {
      "file": "chunk-JZH5J7EF.js"
    },
    "chunk-WO4GTBY6": {
      "file": "chunk-WO4GTBY6.js"
    }
  }
}